float_id,date,latitude,longitude,depth,temperature,salinity
2902746,2025-09-16,15.23897728966729,68.74701381165225,0,23.361161946938168,34.56955514882374
2902746,2025-09-16,15.23897728966729,68.74701381165225,50,24.621600810126473,35.16126331856771
2902746,2025-09-16,15.23897728966729,68.74701381165225,100,18.11806722582071,35.27306834078869
2902746,2025-09-16,15.23897728966729,68.74701381165225,150,12.69665152470738,35.970443041321516
2902746,2025-09-16,15.23897728966729,68.74701381165225,200,7.548480515292836,35.710635442030295
2902746,2025-09-16,15.23897728966729,68.74701381165225,250,4.519835299942158,35.73296733351054
2902746,2025-09-16,15.23897728966729,68.74701381165225,300,4.029232878103505,34.76025245007833
2902746,2025-09-16,15.23897728966729,68.74701381165225,350,4.019484835504885,34.90682060473687
2902746,2025-09-16,15.23897728966729,68.74701381165225,400,2.8020651695703735,35.668220853281504
2902746,2025-09-16,15.23897728966729,68.74701381165225,450,2.825890290329991,34.32530819431217
2902746,2025-09-16,15.23897728966729,68.74701381165225,500,3.003821597388285,34.71054140045504
2902746,2025-09-16,15.23897728966729,68.74701381165225,550,3.6425372687067665,35.340350348755386
2902746,2025-09-16,15.23897728966729,68.74701381165225,600,3.460989936484032,35.4036406269171
2902746,2025-09-16,15.23897728966729,68.74701381165225,650,3.670539036451613,35.36709533107334
2902746,2025-09-16,15.23897728966729,68.74701381165225,700,3.541149757787278,34.142805019157095
2902746,2025-09-16,15.23897728966729,68.74701381165225,750,2.877539452530123,35.26995657639412
2902746,2025-09-16,15.23897728966729,68.74701381165225,800,2.836917903174513,35.06827975405942
2902746,2025-09-16,15.23897728966729,68.74701381165225,850,2.3948812270681317,34.48962185030285
2902746,2025-09-16,15.23897728966729,68.74701381165225,900,3.4771004521926736,34.92452042370223
2902746,2025-09-16,15.23897728966729,68.74701381165225,950,3.1561145448663406,34.53989565356856
2902746,2025-09-16,15.23897728966729,68.74701381165225,1000,2.0,35.85078235924244
2902746,2025-09-16,15.23897728966729,68.74701381165225,1050,2.2837286069138107,35.376323916866625
2902746,2025-09-16,15.23897728966729,68.74701381165225,1100,2.0,34.43923034794054
2902746,2025-09-16,15.23897728966729,68.74701381165225,1150,2.0,34.64856546883065
2902746,2025-09-16,15.23897728966729,68.74701381165225,1200,2.6654880686198537,35.536627155184746
2902746,2025-09-16,15.23897728966729,68.74701381165225,1250,2.0,34.11187589509857
2902746,2025-09-16,15.23897728966729,68.74701381165225,1300,2.0,35.643605188013616
2902746,2025-09-16,15.23897728966729,68.74701381165225,1350,2.0,35.61009160154243
2902746,2025-09-16,15.23897728966729,68.74701381165225,1400,2.0,34.802329574044656
2902746,2025-09-16,15.23897728966729,68.74701381165225,1450,2.0,34.132377210423094
2902746,2025-09-16,15.23897728966729,68.74701381165225,1500,2.0,35.82627224837109
2902746,2025-09-16,15.23897728966729,68.74701381165225,1550,2.0,35.134360102957004
2902746,2025-09-16,15.23897728966729,68.74701381165225,1600,2.0,35.43582854143795
2902746,2025-09-16,15.23897728966729,68.74701381165225,1650,2.84459074405632,34.42525308810828
2902746,2025-09-16,15.23897728966729,68.74701381165225,1700,2.0,34.99846251898455
2902746,2025-09-16,15.23897728966729,68.74701381165225,1750,2.0,35.7693663077734
2902746,2025-09-16,15.23897728966729,68.74701381165225,1800,2.2572795989888865,35.28570374040085
2902746,2025-09-16,15.23897728966729,68.74701381165225,1850,2.770903495873614,34.285743180884126
2902746,2025-09-16,15.23897728966729,68.74701381165225,1900,2.0,34.27926063905101
2902746,2025-09-16,15.23897728966729,68.74701381165225,1950,2.0,35.48997796418321
2902746,2025-08-21,15.605420013006126,68.85963540025375,0,25.549303616037506,35.030353672195176
2902746,2025-08-21,15.605420013006126,68.85963540025375,50,24.552458859113347,34.500571896127944
2902746,2025-08-21,15.605420013006126,68.85963540025375,100,18.630940885461687,34.82415605700467
2902746,2025-08-21,15.605420013006126,68.85963540025375,150,16.743808274812995,34.03895348477167
2902746,2025-08-21,15.605420013006126,68.85963540025375,200,9.791763023538412,35.858197232529236
2902746,2025-08-21,15.605420013006126,68.85963540025375,250,3.8354766731801413,35.75744375564637
2902746,2025-08-21,15.605420013006126,68.85963540025375,300,3.647890599682022,35.663331058722356
2902746,2025-08-21,15.605420013006126,68.85963540025375,350,3.672956109533872,34.615028250805324
2902746,2025-08-21,15.605420013006126,68.85963540025375,400,4.608549932238732,34.11585033298837
2902746,2025-08-21,15.605420013006126,68.85963540025375,450,4.837816577558481,35.75601919840808
2902746,2025-08-21,15.605420013006126,68.85963540025375,500,3.9979777824319216,35.89389889059599
2902746,2025-08-21,15.605420013006126,68.85963540025375,550,3.180713261136467,34.171306904135754
2902746,2025-08-21,15.605420013006126,68.85963540025375,600,3.716896421845627,34.97198092663323
2902746,2025-08-21,15.605420013006126,68.85963540025375,650,4.845900609312746,34.138425036936766
2902746,2025-08-21,15.605420013006126,68.85963540025375,700,3.8118865390308274,35.521204330514465
2902746,2025-08-21,15.605420013006126,68.85963540025375,750,4.59581460405979,35.531668858613976
2902746,2025-08-21,15.605420013006126,68.85963540025375,800,4.275217253301549,34.25678292899953
2902746,2025-08-21,15.605420013006126,68.85963540025375,850,2.4766198927181926,34.950564756197465
2902746,2025-08-21,15.605420013006126,68.85963540025375,900,3.795101487552942,35.099607186989886
2902746,2025-08-21,15.605420013006126,68.85963540025375,950,3.617078586885703,34.53011325788012
2902746,2025-08-21,15.605420013006126,68.85963540025375,1000,3.2275985096501434,35.74486608217052
2902746,2025-08-21,15.605420013006126,68.85963540025375,1050,2.5873082287376388,34.84627588040178
2902746,2025-08-21,15.605420013006126,68.85963540025375,1100,3.2355814459921692,34.423596410884166
2902746,2025-08-21,15.605420013006126,68.85963540025375,1150,2.0767621960243057,35.07859217755892
2902746,2025-08-21,15.605420013006126,68.85963540025375,1200,2.6231883501707633,35.45986213817995
2902746,2025-08-21,15.605420013006126,68.85963540025375,1250,2.561105261490966,34.40230212677939
2902746,2025-08-21,15.605420013006126,68.85963540025375,1300,3.461289703874713,34.62343258260179
2902746,2025-08-21,15.605420013006126,68.85963540025375,1350,3.205363729588941,35.99029871332179
2902746,2025-08-21,15.605420013006126,68.85963540025375,1400,2.0,35.29975611527891
2902746,2025-08-21,15.605420013006126,68.85963540025375,1450,2.2548300749331496,34.876200167829005
2902746,2025-08-21,15.605420013006126,68.85963540025375,1500,2.0,35.03515168207118
2902746,2025-08-21,15.605420013006126,68.85963540025375,1550,2.8789135275221938,34.24200839173653
2902746,2025-08-21,15.605420013006126,68.85963540025375,1600,2.7410371396735336,34.449394674063115
2902746,2025-08-21,15.605420013006126,68.85963540025375,1650,2.0,34.67617112429491
2902746,2025-08-21,15.605420013006126,68.85963540025375,1700,2.2778989897320105,35.17661743691447
2902746,2025-08-21,15.605420013006126,68.85963540025375,1750,2.2179404228763446,34.46022946519315
2902746,2025-08-21,15.605420013006126,68.85963540025375,1800,2.0,34.44043476890312
2902746,2025-08-21,15.605420013006126,68.85963540025375,1850,2.5250216001503025,34.141986172018065
2902746,2025-08-21,15.605420013006126,68.85963540025375,1900,2.0787580602392515,35.262205914540196
2902746,2025-08-21,15.605420013006126,68.85963540025375,1950,2.5572529572611167,34.45788356762231
2902746,2025-07-27,15.014183862795575,68.26561451253136,0,25.799970265669145,35.364650394030214
2902746,2025-07-27,15.014183862795575,68.26561451253136,50,25.32861255398106,35.40244286551055
2902746,2025-07-27,15.014183862795575,68.26561451253136,100,20.713316022653927,34.664637121401526
2902746,2025-07-27,15.014183862795575,68.26561451253136,150,15.928593751630984,34.00431075670285
2902746,2025-07-27,15.014183862795575,68.26561451253136,200,11.66506828957585,34.780843515175626
2902746,2025-07-27,15.014183862795575,68.26561451253136,250,6.436424176333442,35.853036147118665
2902746,2025-07-27,15.014183862795575,68.26561451253136,300,5.724081325493766,35.570258713588245
2902746,2025-07-27,15.014183862795575,68.26561451253136,350,4.957652510843415,34.57049845789384
2902746,2025-07-27,15.014183862795575,68.26561451253136,400,5.317603911941154,35.39318300720033
2902746,2025-07-27,15.014183862795575,68.26561451253136,450,5.085777949023839,35.461010634830934
2902746,2025-07-27,15.014183862795575,68.26561451253136,500,4.360309619035731,35.56672305696858
2902746,2025-07-27,15.014183862795575,68.26561451253136,550,5.3896235250812925,35.32374262390149
2902746,2025-07-27,15.014183862795575,68.26561451253136,600,4.680253159231074,34.973342823308656
2902746,2025-07-27,15.014183862795575,68.26561451253136,650,4.6938625781514425,34.37979573453527
2902746,2025-07-27,15.014183862795575,68.26561451253136,700,5.499331522791173,34.43540179682835
2902746,2025-07-27,15.014183862795575,68.26561451253136,750,3.7800004005163075,34.1169665840146
2902746,2025-07-27,15.014183862795575,68.26561451253136,800,4.878569002583549,35.47147435757809
2902746,2025-07-27,15.014183862795575,68.26561451253136,850,4.7640175286419355,34.12191514295303
2902746,2025-07-27,15.014183862795575,68.26561451253136,900,3.4928833742059933,34.62720961953946
2902746,2025-07-27,15.014183862795575,68.26561451253136,950,4.728085202934332,34.100284674527906
2902746,2025-07-27,15.014183862795575,68.26561451253136,1000,4.772843047775364,34.95357703421787
2902746,2025-07-27,15.014183862795575,68.26561451253136,1050,3.290196090541574,35.83877426166415
2902746,2025-07-27,15.014183862795575,68.26561451253136,1100,3.3548381703352748,35.06225227054108
2902746,2025-07-27,15.014183862795575,68.26561451253136,1150,3.9442295338726545,34.113759159457366
2902746,2025-07-27,15.014183862795575,68.26561451253136,1200,3.052022620241515,35.01565699398684
2902746,2025-07-27,15.014183862795575,68.26561451253136,1250,3.0386340976264328,35.70268509068824
2902746,2025-07-27,15.014183862795575,68.26561451253136,1300,3.496914162853901,34.137042665407584
2902746,2025-07-27,15.014183862795575,68.26561451253136,1350,4.220629934193126,34.13592172675151
2902746,2025-07-27,15.014183862795575,68.26561451253136,1400,2.522427802800545,35.72363840394026
2902746,2025-07-27,15.014183862795575,68.26561451253136,1450,3.8877025155153717,34.80755110263655
2902746,2025-07-27,15.014183862795575,68.26561451253136,1500,3.8835918109887118,35.88319225445818
2902746,2025-07-27,15.014183862795575,68.26561451253136,1550,2.2674754824551666,35.13935082027637
2902746,2025-07-27,15.014183862795575,68.26561451253136,1600,3.27594781404901,35.15783811501442
2902746,2025-07-27,15.014183862795575,68.26561451253136,1650,2.9528339022525767,34.07948332457813
2902746,2025-07-27,15.014183862795575,68.26561451253136,1700,2.0,34.16396681098975
2902746,2025-07-27,15.014183862795575,68.26561451253136,1750,2.0,35.31474632894505
2902746,2025-07-27,15.014183862795575,68.26561451253136,1800,3.0787890340913173,35.13045384768818
2902746,2025-07-27,15.014183862795575,68.26561451253136,1850,2.0,34.632739691953454
2902746,2025-07-27,15.014183862795575,68.26561451253136,1900,2.1844861419569104,34.52153139120727
2902746,2025-07-27,15.014183862795575,68.26561451253136,1950,2.2343748619940453,35.33945194953966
2902747,2025-09-24,13.10223513893714,75.66406402837528,0,23.92471880531285,34.92357577256372
2902747,2025-09-24,13.10223513893714,75.66406402837528,50,23.181332518990434,34.77668022397225
2902747,2025-09-24,13.10223513893714,75.66406402837528,100,17.846047144480323,34.50354568908778
2902747,2025-09-24,13.10223513893714,75.66406402837528,150,14.588796329050517,35.542238446039256
2902747,2025-09-24,13.10223513893714,75.66406402837528,200,6.871510817365538,35.27422675460276
2902747,2025-09-24,13.10223513893714,75.66406402837528,250,3.397909404630081,34.5239105248687
2902747,2025-09-24,13.10223513893714,75.66406402837528,300,4.378247241101794,35.48246181669586
2902747,2025-09-24,13.10223513893714,75.66406402837528,350,4.273531255103098,35.10336084225278
2902747,2025-09-24,13.10223513893714,75.66406402837528,400,2.327859801592175,34.85537383796136
2902747,2025-09-24,13.10223513893714,75.66406402837528,450,2.50764698392699,34.01933939921668
2902747,2025-09-24,13.10223513893714,75.66406402837528,500,2.5117391888937117,34.15048772014753
2902747,2025-09-24,13.10223513893714,75.66406402837528,550,3.747857115380327,35.766212786600285
2902747,2025-09-24,13.10223513893714,75.66406402837528,600,3.543066706765788,35.80785714311978
2902747,2025-09-24,13.10223513893714,75.66406402837528,650,3.4398788443619948,35.09118057841104
2902747,2025-09-24,13.10223513893714,75.66406402837528,700,2.320392536870677,35.66919003977203
2902747,2025-09-24,13.10223513893714,75.66406402837528,750,2.0,35.16501913297959
2902747,2025-09-24,13.10223513893714,75.66406402837528,800,3.0488282686725228,34.296187571134965
2902747,2025-09-24,13.10223513893714,75.66406402837528,850,2.6884182095676508,34.254891038564274
2902747,2025-09-24,13.10223513893714,75.66406402837528,900,2.4046938908448086,34.61651669986027
2902747,2025-09-24,13.10223513893714,75.66406402837528,950,3.0558044866559175,35.79796297748518
2902747,2025-09-24,13.10223513893714,75.66406402837528,1000,2.307952635421465,35.59224460977608
2902747,2025-09-24,13.10223513893714,75.66406402837528,1050,2.0,35.72140516400181
2902747,2025-09-24,13.10223513893714,75.66406402837528,1100,2.634208270230923,35.79784927305295
2902747,2025-09-24,13.10223513893714,75.66406402837528,1150,2.0,34.42015307667951
2902747,2025-09-24,13.10223513893714,75.66406402837528,1200,2.3267774299321546,34.49905947844585
2902747,2025-09-24,13.10223513893714,75.66406402837528,1250,2.877860007854208,34.20558724334357
2902747,2025-09-24,13.10223513893714,75.66406402837528,1300,2.0,35.56023248374289
2902747,2025-09-24,13.10223513893714,75.66406402837528,1350,2.0,35.76826940290202
2902747,2025-09-24,13.10223513893714,75.66406402837528,1400,2.0,34.81275477966423
2902747,2025-09-24,13.10223513893714,75.66406402837528,1450,2.106447281769632,35.24132302030142
2902747,2025-09-24,13.10223513893714,75.66406402837528,1500,2.0,34.309106676664406
2902747,2025-09-24,13.10223513893714,75.66406402837528,1550,2.209659654060448,35.85976203138735
2902747,2025-09-24,13.10223513893714,75.66406402837528,1600,2.435224374277596,35.72921139243993
2902747,2025-09-24,13.10223513893714,75.66406402837528,1650,2.0,35.95241206586193
2902747,2025-09-24,13.10223513893714,75.66406402837528,1700,2.2684759177701594,35.621543439880796
2902747,2025-09-24,13.10223513893714,75.66406402837528,1750,2.0,35.76283240932665
2902747,2025-09-24,13.10223513893714,75.66406402837528,1800,2.0,34.04957272379638
2902747,2025-09-24,13.10223513893714,75.66406402837528,1850,2.8106729821586462,35.47312894351016
2902747,2025-09-24,13.10223513893714,75.66406402837528,1900,2.692207426589711,34.664370935892855
2902747,2025-09-24,13.10223513893714,75.66406402837528,1950,2.0,35.86163177209665
2902747,2025-08-24,13.051138137540732,75.47279567055716,0,23.710119431689144,35.21942999914484
2902747,2025-08-24,13.051138137540732,75.47279567055716,50,24.751257030771143,35.241950077839476
2902747,2025-08-24,13.051138137540732,75.47279567055716,100,17.608890518112027,35.170628504433
2902747,2025-08-24,13.051138137540732,75.47279567055716,150,15.665175144124559,34.72844294356253
2902747,2025-08-24,13.051138137540732,75.47279567055716,200,10.610881017851327,34.13994762225262
2902747,2025-08-24,13.051138137540732,75.47279567055716,250,3.521375447591529,35.32847536982254
2902747,2025-08-24,13.051138137540732,75.47279567055716,300,4.609681223694058,34.660400072085196
2902747,2025-08-24,13.051138137540732,75.47279567055716,350,3.7971144818580846,34.62783129011672
2902747,2025-08-24,13.051138137540732,75.47279567055716,400,3.3868897471774013,35.69603055901267
2902747,2025-08-24,13.051138137540732,75.47279567055716,450,4.267199010805924,35.4395085260279
2902747,2025-08-24,13.051138137540732,75.47279567055716,500,3.0316989873157407,34.60064453642253
2902747,2025-08-24,13.051138137540732,75.47279567055716,550,2.5238368819031027,34.61856932441731
2902747,2025-08-24,13.051138137540732,75.47279567055716,600,2.762767589155618,34.81678581723843
2902747,2025-08-24,13.051138137540732,75.47279567055716,650,2.933031914895613,34.80480077411545
2902747,2025-08-24,13.051138137540732,75.47279567055716,700,3.905213896560773,34.59131040505189
2902747,2025-08-24,13.051138137540732,75.47279567055716,750,4.010286220596923,34.25457559811831
2902747,2025-08-24,13.051138137540732,75.47279567055716,800,2.5347579979439425,34.840892667545816
2902747,2025-08-24,13.051138137540732,75.47279567055716,850,3.1594714897154557,35.880727341460364
2902747,2025-08-24,13.051138137540732,75.47279567055716,900,2.5758647812203215,35.35463589054547
2902747,2025-08-24,13.051138137540732,75.47279567055716,950,3.6388073868967203,35.80561109146517
2902747,2025-08-24,13.051138137540732,75.47279567055716,1000,2.6489394774576436,35.23102983190276
2902747,2025-08-24,13.051138137540732,75.47279567055716,1050,3.3549822931496314,34.60189974913113
2902747,2025-08-24,13.051138137540732,75.47279567055716,1100,2.0,35.09587442627139
2902747,2025-08-24,13.051138137540732,75.47279567055716,1150,3.217309234544656,34.000811879394575
2902747,2025-08-24,13.051138137540732,75.47279567055716,1200,2.0,34.573827433737854
2902747,2025-08-24,13.051138137540732,75.47279567055716,1250,3.001576644023311,34.85977629997967
2902747,2025-08-24,13.051138137540732,75.47279567055716,1300,2.0,35.15996956239137
2902747,2025-08-24,13.051138137540732,75.47279567055716,1350,2.0,35.309411247406146
2902747,2025-08-24,13.051138137540732,75.47279567055716,1400,2.0,34.929976380494026
2902747,2025-08-24,13.051138137540732,75.47279567055716,1450,2.4570901213054084,34.884319598609615
2902747,2025-08-24,13.051138137540732,75.47279567055716,1500,2.0,34.427402801978204
2902747,2025-08-24,13.051138137540732,75.47279567055716,1550,2.2124177066122863,34.946372371818654
2902747,2025-08-24,13.051138137540732,75.47279567055716,1600,2.022846119338956,35.80236165165651
2902747,2025-08-24,13.051138137540732,75.47279567055716,1650,2.0,35.59204952025356
2902747,2025-08-24,13.051138137540732,75.47279567055716,1700,2.153176086993199,34.33938279239611
2902747,2025-08-24,13.051138137540732,75.47279567055716,1750,2.0,34.16959107345024
2902747,2025-08-24,13.051138137540732,75.47279567055716,1800,2.417570567668341,35.03090401983043
2902747,2025-08-24,13.051138137540732,75.47279567055716,1850,2.0,35.26588171153159
2902747,2025-08-24,13.051138137540732,75.47279567055716,1900,2.8511503309981654,34.6703765108196
2902747,2025-08-24,13.051138137540732,75.47279567055716,1950,2.076903994185584,35.63684692907333
2902747,2025-07-25,12.688857203246128,75.46887362062292,0,25.999052279469453,35.251776786500514
2902747,2025-07-25,12.688857203246128,75.46887362062292,50,24.680634414808466,35.33986288784192
2902747,2025-07-25,12.688857203246128,75.46887362062292,100,18.570781362687956,34.77731135313074
2902747,2025-07-25,12.688857203246128,75.46887362062292,150,17.32167058144433,35.555349670667944
2902747,2025-07-25,12.688857203246128,75.46887362062292,200,10.831022382559643,34.969194034140536
2902747,2025-07-25,12.688857203246128,75.46887362062292,250,5.822905168317317,34.47849172762927
2902747,2025-07-25,12.688857203246128,75.46887362062292,300,5.0967588270771005,34.8797451865298
2902747,2025-07-25,12.688857203246128,75.46887362062292,350,5.858200308418886,35.42708972522211
2902747,2025-07-25,12.688857203246128,75.46887362062292,400,5.137268289135559,34.46898715602927
2902747,2025-07-25,12.688857203246128,75.46887362062292,450,5.3226183213149,34.67169507324263
2902747,2025-07-25,12.688857203246128,75.46887362062292,500,4.553883425102425,35.78605366558063
2902747,2025-07-25,12.688857203246128,75.46887362062292,550,4.485232216069997,34.161155315315334
2902747,2025-07-25,12.688857203246128,75.46887362062292,600,3.8810691804995194,34.30166131602617
2902747,2025-07-25,12.688857203246128,75.46887362062292,650,4.861171316477961,34.766070584862675
2902747,2025-07-25,12.688857203246128,75.46887362062292,700,5.171246142739656,34.305610533154294
2902747,2025-07-25,12.688857203246128,75.46887362062292,750,5.006807621161966,34.42790575421198
2902747,2025-07-25,12.688857203246128,75.46887362062292,800,4.956856901336654,34.82973579179644
2902747,2025-07-25,12.688857203246128,75.46887362062292,850,4.642767303851572,34.66176278207617
2902747,2025-07-25,12.688857203246128,75.46887362062292,900,3.4236087639415613,34.9318486067023
2902747,2025-07-25,12.688857203246128,75.46887362062292,950,4.494146202663209,34.12453142116717
2902747,2025-07-25,12.688857203246128,75.46887362062292,1000,4.177750043133399,35.66578233868098
2902747,2025-07-25,12.688857203246128,75.46887362062292,1050,3.6150262594654268,34.778953625333884
2902747,2025-07-25,12.688857203246128,75.46887362062292,1100,3.700738078383713,35.539591544629324
2902747,2025-07-25,12.688857203246128,75.46887362062292,1150,4.320866519227803,35.8921240671802
2902747,2025-07-25,12.688857203246128,75.46887362062292,1200,2.6286436886956914,34.03906391347545
2902747,2025-07-25,12.688857203246128,75.46887362062292,1250,2.5526047014309805,35.761313345515646
2902747,2025-07-25,12.688857203246128,75.46887362062292,1300,3.115212965313396,35.15138069362016
2902747,2025-07-25,12.688857203246128,75.46887362062292,1350,3.1481902620280997,34.953959465114714
2902747,2025-07-25,12.688857203246128,75.46887362062292,1400,3.1037770710606574,35.885483314868196
2902747,2025-07-25,12.688857203246128,75.46887362062292,1450,2.520522405247618,34.59722530474477
2902747,2025-07-25,12.688857203246128,75.46887362062292,1500,3.2964265174284817,34.77997329612744
2902747,2025-07-25,12.688857203246128,75.46887362062292,1550,2.5710733408529753,35.78328308393702
2902747,2025-07-25,12.688857203246128,75.46887362062292,1600,3.21593950498029,35.6714573415968
2902747,2025-07-25,12.688857203246128,75.46887362062292,1650,3.269967082998959,35.07644113522046
2902747,2025-07-25,12.688857203246128,75.46887362062292,1700,2.2394080040342335,35.46926812151271
2902747,2025-07-25,12.688857203246128,75.46887362062292,1750,3.0996359512291494,35.59973634188253
2902747,2025-07-25,12.688857203246128,75.46887362062292,1800,2.0777537144703233,35.79562269479839
2902747,2025-07-25,12.688857203246128,75.46887362062292,1850,2.0,34.9764589551005
2902747,2025-07-25,12.688857203246128,75.46887362062292,1900,2.7229898195665245,34.54587062352651
2902747,2025-07-25,12.688857203246128,75.46887362062292,1950,2.0,34.971283987597
2902748,2025-09-20,8.374641450371573,73.1648737716345,0,23.12130777271381,35.10589269256031
2902748,2025-09-20,8.374641450371573,73.1648737716345,50,23.353956343584347,35.46373474410121
2902748,2025-09-20,8.374641450371573,73.1648737716345,100,19.351111500135133,35.218357228596005
2902748,2025-09-20,8.374641450371573,73.1648737716345,150,14.595832927534923,35.555583772350865
2902748,2025-09-20,8.374641450371573,73.1648737716345,200,7.809439535589249,34.3275316203344
2902748,2025-09-20,8.374641450371573,73.1648737716345,250,3.386802742632767,34.6220778391972
2902748,2025-09-20,8.374641450371573,73.1648737716345,300,2.6567305687150524,35.15736946501849
2902748,2025-09-20,8.374641450371573,73.1648737716345,350,2.698944531131554,35.857774336814245
2902748,2025-09-20,8.374641450371573,73.1648737716345,400,2.0,35.15159345682483
2902748,2025-09-20,8.374641450371573,73.1648737716345,450,2.0301705567814206,35.81605230209489
2902748,2025-09-20,8.374641450371573,73.1648737716345,500,2.806647728649491,34.75061391885064
2902748,2025-09-20,8.374641450371573,73.1648737716345,550,2.0,35.882941197082616
2902748,2025-09-20,8.374641450371573,73.1648737716345,600,2.0,34.39665955418343
2902748,2025-09-20,8.374641450371573,73.1648737716345,650,2.0,35.1841957224997
2902748,2025-09-20,8.374641450371573,73.1648737716345,700,2.0,35.66114326756064
2902748,2025-09-20,8.374641450371573,73.1648737716345,750,2.0,34.48569876107426
2902748,2025-09-20,8.374641450371573,73.1648737716345,800,2.7592799720037906,35.394386004991546
2902748,2025-09-20,8.374641450371573,73.1648737716345,850,2.0,34.60316537097533
2902748,2025-09-20,8.374641450371573,73.1648737716345,900,2.9024082397211233,35.36851807833331
2902748,2025-09-20,8.374641450371573,73.1648737716345,950,2.0,35.611055927292334
2902748,2025-09-20,8.374641450371573,73.1648737716345,1000,2.6698218298242424,35.59245443320042
2902748,2025-09-20,8.374641450371573,73.1648737716345,1050,2.0,35.13186511073463
2902748,2025-09-20,8.374641450371573,73.1648737716345,1100,2.4980485221657016,34.08213826041227
2902748,2025-09-20,8.374641450371573,73.1648737716345,1150,2.0,35.065490490621
2902748,2025-09-20,8.374641450371573,73.1648737716345,1200,2.9038393847638417,35.32304268137471
2902748,2025-09-20,8.374641450371573,73.1648737716345,1250,2.0,34.13791347303928
2902748,2025-09-20,8.374641450371573,73.1648737716345,1300,2.0,35.29508650811361
2902748,2025-09-20,8.374641450371573,73.1648737716345,1350,2.9145712055527366,34.025304300331705
2902748,2025-09-20,8.374641450371573,73.1648737716345,1400,2.0,34.840117481683656
2902748,2025-09-20,8.374641450371573,73.1648737716345,1450,2.0,34.980403409980816
2902748,2025-09-20,8.374641450371573,73.1648737716345,1500,2.0,34.8670468026517
2902748,2025-09-20,8.374641450371573,73.1648737716345,1550,2.6784576925691965,34.72437607699015
2902748,2025-09-20,8.374641450371573,73.1648737716345,1600,2.2426713131723157,35.783150029610205
2902748,2025-09-20,8.374641450371573,73.1648737716345,1650,2.0,34.919478695203495
2902748,2025-09-20,8.374641450371573,73.1648737716345,1700,2.0,34.30598229818772
2902748,2025-09-20,8.374641450371573,73.1648737716345,1750,2.0,34.35227392217212
2902748,2025-09-20,8.374641450371573,73.1648737716345,1800,2.8955140444333036,35.04349349387696
2902748,2025-09-20,8.374641450371573,73.1648737716345,1850,2.0,35.300914828033484
2902748,2025-09-20,8.374641450371573,73.1648737716345,1900,2.0,35.231824708107105
2902748,2025-09-20,8.374641450371573,73.1648737716345,1950,2.0,35.83923531380553
2902748,2025-08-18,8.162839597084563,73.00383551184223,0,22.97368664891918,34.751403676200944
2902748,2025-08-18,8.162839597084563,73.00383551184223,50,24.140321892859394,34.6206558847523
2902748,2025-08-18,8.162839597084563,73.00383551184223,100,19.759819648383143,34.69258429345152
2902748,2025-08-18,8.162839597084563,73.00383551184223,150,11.783547165043428,34.2391094825101
2902748,2025-08-18,8.162839597084563,73.00383551184223,200,9.963420308831818,35.0717279307675
2902748,2025-08-18,8.162839597084563,73.00383551184223,250,2.824622451202643,35.52437921896821
2902748,2025-08-18,8.162839597084563,73.00383551184223,300,3.1663125060271944,34.37029968487533
2902748,2025-08-18,8.162839597084563,73.00383551184223,350,3.3575589812817723,34.43276927975721
2902748,2025-08-18,8.162839597084563,73.00383551184223,400,2.794874181077259,34.96839717442542
2902748,2025-08-18,8.162839597084563,73.00383551184223,450,2.0,35.4491700021861
2902748,2025-08-18,8.162839597084563,73.00383551184223,500,3.538801245445649,35.95321404576612
2902748,2025-08-18,8.162839597084563,73.00383551184223,550,2.1005752871361145,35.04927373821722
2902748,2025-08-18,8.162839597084563,73.00383551184223,600,2.0611352731802093,34.56599740654991
2902748,2025-08-18,8.162839597084563,73.00383551184223,650,3.132560286476924,34.20105221618158
2902748,2025-08-18,8.162839597084563,73.00383551184223,700,2.1175732591492986,34.38823515618215
2902748,2025-08-18,8.162839597084563,73.00383551184223,750,3.097535532337182,34.454966326965106
2902748,2025-08-18,8.162839597084563,73.00383551184223,800,2.639263073485134,34.358883087370806
2902748,2025-08-18,8.162839597084563,73.00383551184223,850,2.0,34.028296734512125
2902748,2025-08-18,8.162839597084563,73.00383551184223,900,2.0,35.06827017853533
2902748,2025-08-18,8.162839597084563,73.00383551184223,950,2.8961251555540626,34.54862265356653
2902748,2025-08-18,8.162839597084563,73.00383551184223,1000,2.0,35.94858986220547
2902748,2025-08-18,8.162839597084563,73.00383551184223,1050,2.4401493282083884,35.10671793359722
2902748,2025-08-18,8.162839597084563,73.00383551184223,1100,2.0,35.394834785820386
2902748,2025-08-18,8.162839597084563,73.00383551184223,1150,2.516329306964933,34.25255898591682
2902748,2025-08-18,8.162839597084563,73.00383551184223,1200,2.3812186788930463,35.73692239452589
2902748,2025-08-18,8.162839597084563,73.00383551184223,1250,2.2918057994819048,34.98175738904756
2902748,2025-08-18,8.162839597084563,73.00383551184223,1300,2.0,35.745439469997066
2902748,2025-08-18,8.162839597084563,73.00383551184223,1350,2.585865736264635,35.148128439252666
2902748,2025-08-18,8.162839597084563,73.00383551184223,1400,2.0,34.93879388986102
2902748,2025-08-18,8.162839597084563,73.00383551184223,1450,2.0,34.88093759627202
2902748,2025-08-18,8.162839597084563,73.00383551184223,1500,2.3835743105904035,34.36872734078016
2902748,2025-08-18,8.162839597084563,73.00383551184223,1550,2.0,34.10275343436716
2902748,2025-08-18,8.162839597084563,73.00383551184223,1600,2.1631111706647346,35.882127193536206
2902748,2025-08-18,8.162839597084563,73.00383551184223,1650,2.0,34.955458374531375
2902748,2025-08-18,8.162839597084563,73.00383551184223,1700,2.0618438622915356,35.64423129059886
2902748,2025-08-18,8.162839597084563,73.00383551184223,1750,2.0,34.80141488450388
2902748,2025-08-18,8.162839597084563,73.00383551184223,1800,2.491870873427219,34.14816434051128
2902748,2025-08-18,8.162839597084563,73.00383551184223,1850,2.0,35.258891413903996
2902748,2025-08-18,8.162839597084563,73.00383551184223,1900,2.4057098843715377,34.10721814858507
2902748,2025-08-18,8.162839597084563,73.00383551184223,1950,2.0,34.29839516894731
2902748,2025-07-25,8.293673673983433,72.98821779536146,0,23.68282961473985,34.571409836855814
2902748,2025-07-25,8.293673673983433,72.98821779536146,50,24.974813380969312,34.66592278922072
2902748,2025-07-25,8.293673673983433,72.98821779536146,100,19.871197095288775,34.80761181261423
2902748,2025-07-25,8.293673673983433,72.98821779536146,150,15.608889809690602,35.497915444139245
2902748,2025-07-25,8.293673673983433,72.98821779536146,200,8.348675038577063,35.13841409863819
2902748,2025-07-25,8.293673673983433,72.98821779536146,250,4.391071560577361,34.57722117661169
2902748,2025-07-25,8.293673673983433,72.98821779536146,300,4.146955420094433,34.24870731634942
2902748,2025-07-25,8.293673673983433,72.98821779536146,350,4.031368498355581,35.377355982424184
2902748,2025-07-25,8.293673673983433,72.98821779536146,400,4.766259821969284,35.39946736995144
2902748,2025-07-25,8.293673673983433,72.98821779536146,450,4.925989011250521,35.885352481488084
2902748,2025-07-25,8.293673673983433,72.98821779536146,500,3.456686978955646,35.00094435423585
2902748,2025-07-25,8.293673673983433,72.98821779536146,550,3.987981132461222,34.98759043869017
2902748,2025-07-25,8.293673673983433,72.98821779536146,600,3.8651883148071855,34.1608837037986
2902748,2025-07-25,8.293673673983433,72.98821779536146,650,4.026105101286015,34.079721568367226
2902748,2025-07-25,8.293673673983433,72.98821779536146,700,4.341106890967681,34.86405732832154
2902748,2025-07-25,8.293673673983433,72.98821779536146,750,2.7615023019640272,34.6446431667166
2902748,2025-07-25,8.293673673983433,72.98821779536146,800,2.6679768809277107,34.50073580482401
2902748,2025-07-25,8.293673673983433,72.98821779536146,850,3.4667827647009983,34.18265377326197
2902748,2025-07-25,8.293673673983433,72.98821779536146,900,2.360040677078679,35.92382220438567
2902748,2025-07-25,8.293673673983433,72.98821779536146,950,2.293553586969794,35.671917227812365
2902748,2025-07-25,8.293673673983433,72.98821779536146,1000,2.0,35.15039821843986
2902748,2025-07-25,8.293673673983433,72.98821779536146,1050,2.0,35.9015725556127
2902748,2025-07-25,8.293673673983433,72.98821779536146,1100,2.5469338995523296,35.999144833754904
2902748,2025-07-25,8.293673673983433,72.98821779536146,1150,2.733548880556051,35.34456316860648
2902748,2025-07-25,8.293673673983433,72.98821779536146,1200,2.0284450683789803,34.53902205193411
2902748,2025-07-25,8.293673673983433,72.98821779536146,1250,2.0,34.080463346289235
2902748,2025-07-25,8.293673673983433,72.98821779536146,1300,2.6598381500749912,35.51253766082512
2902748,2025-07-25,8.293673673983433,72.98821779536146,1350,2.5519016065043587,34.94100164650327
2902748,2025-07-25,8.293673673983433,72.98821779536146,1400,2.0,35.30301897886737
2902748,2025-07-25,8.293673673983433,72.98821779536146,1450,2.3747698401424855,35.83214557585354
2902748,2025-07-25,8.293673673983433,72.98821779536146,1500,2.8478220889650974,34.36297829444625
2902748,2025-07-25,8.293673673983433,72.98821779536146,1550,2.5756560532934625,35.17065925055571
2902748,2025-07-25,8.293673673983433,72.98821779536146,1600,2.2501160143284435,35.26956943890817
2902748,2025-07-25,8.293673673983433,72.98821779536146,1650,2.3223660857067356,34.983451604382026
2902748,2025-07-25,8.293673673983433,72.98821779536146,1700,2.8673369168910265,34.18248481258765
2902748,2025-07-25,8.293673673983433,72.98821779536146,1750,2.0,34.6959221125893
2902748,2025-07-25,8.293673673983433,72.98821779536146,1800,2.0891247574211573,34.666616787330184
2902748,2025-07-25,8.293673673983433,72.98821779536146,1850,2.2952694468049613,35.34026701904237
2902748,2025-07-25,8.293673673983433,72.98821779536146,1900,2.816822890425212,35.715466188800704
2902748,2025-07-25,8.293673673983433,72.98821779536146,1950,2.6532623193001195,34.65960732715793
2902749,2025-09-20,20.037019611345578,70.10229115013296,0,25.780077086935176,35.48024463260337
2902749,2025-09-20,20.037019611345578,70.10229115013296,50,25.253138235402798,34.743730906075136
2902749,2025-09-20,20.037019611345578,70.10229115013296,100,19.97224865186615,35.05126507688047
2902749,2025-09-20,20.037019611345578,70.10229115013296,150,14.411013646139903,34.7671720264943
2902749,2025-09-20,20.037019611345578,70.10229115013296,200,9.44604016256321,35.843736299863124
2902749,2025-09-20,20.037019611345578,70.10229115013296,250,5.993314471076386,35.01648178318579
2902749,2025-09-20,20.037019611345578,70.10229115013296,300,4.761295131460722,35.758652510292954
2902749,2025-09-20,20.037019611345578,70.10229115013296,350,4.882137522117442,35.728053868857174
2902749,2025-09-20,20.037019611345578,70.10229115013296,400,5.72918344702274,34.55249480564408
2902749,2025-09-20,20.037019611345578,70.10229115013296,450,4.968265790425489,35.58001236400623
2902749,2025-09-20,20.037019611345578,70.10229115013296,500,4.638132206173622,34.82988484710269
2902749,2025-09-20,20.037019611345578,70.10229115013296,550,4.279440159057874,35.86849678736504
2902749,2025-09-20,20.037019611345578,70.10229115013296,600,3.7281101002482857,35.015475351619315
2902749,2025-09-20,20.037019611345578,70.10229115013296,650,3.9765037357625816,35.64109894637116
2902749,2025-09-20,20.037019611345578,70.10229115013296,700,4.6658313255703785,34.56567796656565
2902749,2025-09-20,20.037019611345578,70.10229115013296,750,4.303762501749249,34.59711169954353
2902749,2025-09-20,20.037019611345578,70.10229115013296,800,4.472926089581265,35.17387544482832
2902749,2025-09-20,20.037019611345578,70.10229115013296,850,3.260061494159779,35.99780466645868
2902749,2025-09-20,20.037019611345578,70.10229115013296,900,3.8513842956298943,34.9792806933114
2902749,2025-09-20,20.037019611345578,70.10229115013296,950,4.508290539148127,34.29719083676558
2902749,2025-09-20,20.037019611345578,70.10229115013296,1000,3.4291772076039875,35.07716115540775
2902749,2025-09-20,20.037019611345578,70.10229115013296,1050,3.8494450757035756,34.690247883386014
2902749,2025-09-20,20.037019611345578,70.10229115013296,1100,2.5957971841844714,35.10383483414162
2902749,2025-09-20,20.037019611345578,70.10229115013296,1150,4.19923864910262,35.08686012591735
2902749,2025-09-20,20.037019611345578,70.10229115013296,1200,3.370688351623161,34.910689233733
2902749,2025-09-20,20.037019611345578,70.10229115013296,1250,2.5315399421145317,34.643554700458076
2902749,2025-09-20,20.037019611345578,70.10229115013296,1300,2.269701345069696,34.37730474741421
2902749,2025-09-20,20.037019611345578,70.10229115013296,1350,2.954623031464571,35.394996855241146
2902749,2025-09-20,20.037019611345578,70.10229115013296,1400,2.8574478355666972,35.1435952839698
2902749,2025-09-20,20.037019611345578,70.10229115013296,1450,2.0,34.467124892115784
2902749,2025-09-20,20.037019611345578,70.10229115013296,1500,3.5374592962496703,35.55108895019852
2902749,2025-09-20,20.037019611345578,70.10229115013296,1550,3.278804774427567,34.0872945981946
2902749,2025-09-20,20.037019611345578,70.10229115013296,1600,2.275840805816798,35.48941030313039
2902749,2025-09-20,20.037019611345578,70.10229115013296,1650,2.0,35.410455762050006
2902749,2025-09-20,20.037019611345578,70.10229115013296,1700,2.817231364997034,35.622817805129756
2902749,2025-09-20,20.037019611345578,70.10229115013296,1750,2.0496960268736215,34.77215750498196
2902749,2025-09-20,20.037019611345578,70.10229115013296,1800,2.433206651983582,35.32737765896907
2902749,2025-09-20,20.037019611345578,70.10229115013296,1850,2.0177440301390233,35.64149510341911
2902749,2025-09-20,20.037019611345578,70.10229115013296,1900,2.0,35.96163627731957
2902749,2025-09-20,20.037019611345578,70.10229115013296,1950,2.6694478911533888,34.99065729923285
2902749,2025-08-18,20.910616953718712,70.34517215413396,0,25.580884980683457,34.74419743218397
2902749,2025-08-18,20.910616953718712,70.34517215413396,50,25.117624777150436,34.91205174897558
2902749,2025-08-18,20.910616953718712,70.34517215413396,100,22.29705326526226,35.18180037135273
2902749,2025-08-18,20.910616953718712,70.34517215413396,150,14.315742363788646,34.360113772302626
2902749,2025-08-18,20.910616953718712,70.34517215413396,200,12.5586622836066,34.35013871012581
2902749,2025-08-18,20.910616953718712,70.34517215413396,250,4.847590768651253,35.218983573777074
2902749,2025-08-18,20.910616953718712,70.34517215413396,300,5.0052064047546265,34.76508859723375
2902749,2025-08-18,20.910616953718712,70.34517215413396,350,6.35876151551917,35.36626915992543
2902749,2025-08-18,20.910616953718712,70.34517215413396,400,6.456809160902944,34.9953345047359
2902749,2025-08-18,20.910616953718712,70.34517215413396,450,4.566552069308149,35.16631426130411
2902749,2025-08-18,20.910616953718712,70.34517215413396,500,5.879946155366781,34.4643768885903
2902749,2025-08-18,20.910616953718712,70.34517215413396,550,4.746941131907549,35.27580926200714
2902749,2025-08-18,20.910616953718712,70.34517215413396,600,5.363414373864728,34.91914099835346
2902749,2025-08-18,20.910616953718712,70.34517215413396,650,4.811862220592278,35.33368143453296
2902749,2025-08-18,20.910616953718712,70.34517215413396,700,4.077526213979629,35.79781706340064
2902749,2025-08-18,20.910616953718712,70.34517215413396,750,4.474026750787644,34.9305065110506
2902749,2025-08-18,20.910616953718712,70.34517215413396,800,5.06561056312875,34.57526333149688
2902749,2025-08-18,20.910616953718712,70.34517215413396,850,4.684140197614401,35.09319627520406
2902749,2025-08-18,20.910616953718712,70.34517215413396,900,5.425174758066083,34.14772380056574
2902749,2025-08-18,20.910616953718712,70.34517215413396,950,4.670493930836707,35.890471269869295
2902749,2025-08-18,20.910616953718712,70.34517215413396,1000,5.091772938639378,35.97530339043694
2902749,2025-08-18,20.910616953718712,70.34517215413396,1050,4.192790543601089,34.59830849824755
2902749,2025-08-18,20.910616953718712,70.34517215413396,1100,4.198927598216052,35.92405814564688
2902749,2025-08-18,20.910616953718712,70.34517215413396,1150,4.251814496026178,35.38062702492026
2902749,2025-08-18,20.910616953718712,70.34517215413396,1200,3.3864360590247746,34.913671625335574
2902749,2025-08-18,20.910616953718712,70.34517215413396,1250,4.185694721632565,34.604243341076625
2902749,2025-08-18,20.910616953718712,70.34517215413396,1300,3.2916535809048186,35.99874713100036
2902749,2025-08-18,20.910616953718712,70.34517215413396,1350,3.0718681342213587,35.70667091732037
2902749,2025-08-18,20.910616953718712,70.34517215413396,1400,2.697654234358669,34.21330653484472
2902749,2025-08-18,20.910616953718712,70.34517215413396,1450,4.373571029261823,34.76272859531526
2902749,2025-08-18,20.910616953718712,70.34517215413396,1500,3.837634958809262,34.71791831515449
2902749,2025-08-18,20.910616953718712,70.34517215413396,1550,3.624677231478807,34.59174478043157
2902749,2025-08-18,20.910616953718712,70.34517215413396,1600,2.317910053466366,35.39855815910147
2902749,2025-08-18,20.910616953718712,70.34517215413396,1650,2.349625146279182,34.04387919571913
2902749,2025-08-18,20.910616953718712,70.34517215413396,1700,2.515827733308861,35.66007512298569
2902749,2025-08-18,20.910616953718712,70.34517215413396,1750,2.0,34.791611481822734
2902749,2025-08-18,20.910616953718712,70.34517215413396,1800,2.365644906383336,34.01619593152298
2902749,2025-08-18,20.910616953718712,70.34517215413396,1850,2.0,35.730134795394534
2902749,2025-08-18,20.910616953718712,70.34517215413396,1900,2.2338222574214583,35.55662323154016
2902749,2025-08-18,20.910616953718712,70.34517215413396,1950,2.278269148531532,35.94720563365585
2902749,2025-07-24,20.615652214051156,70.53905306571365,0,27.525070823143903,35.345744481716956
2902749,2025-07-24,20.615652214051156,70.53905306571365,50,26.433825645877974,35.057312617941015
2902749,2025-07-24,20.615652214051156,70.53905306571365,100,23.18131669411829,34.59030287556858
2902749,2025-07-24,20.615652214051156,70.53905306571365,150,15.849607019649564,34.78914912065743
2902749,2025-07-24,20.615652214051156,70.53905306571365,200,10.734116821045495,34.52891715670485
2902749,2025-07-24,20.615652214051156,70.53905306571365,250,6.374842464024374,34.24717747352698
2902749,2025-07-24,20.615652214051156,70.53905306571365,300,7.284743511420496,34.737171317232075
2902749,2025-07-24,20.615652214051156,70.53905306571365,350,7.20853041292807,35.49802320707352
2902749,2025-07-24,20.615652214051156,70.53905306571365,400,6.935299052301187,34.52432281649947
2902749,2025-07-24,20.615652214051156,70.53905306571365,450,5.7471473409253395,34.76205099854495
2902749,2025-07-24,20.615652214051156,70.53905306571365,500,5.567916723568378,35.277098535601674
2902749,2025-07-24,20.615652214051156,70.53905306571365,550,6.5285050795706026,34.74294728202143
2902749,2025-07-24,20.615652214051156,70.53905306571365,600,5.252434011858776,35.34967311075064
2902749,2025-07-24,20.615652214051156,70.53905306571365,650,6.650809831957449,34.942953735962874
2902749,2025-07-24,20.615652214051156,70.53905306571365,700,5.040317926428407,35.23909373408906
2902749,2025-07-24,20.615652214051156,70.53905306571365,750,5.6033113299940815,35.8863382721157
2902749,2025-07-24,20.615652214051156,70.53905306571365,800,5.036412476778112,34.656012563634754
2902749,2025-07-24,20.615652214051156,70.53905306571365,850,6.492844488575796,35.22016439171683
2902749,2025-07-24,20.615652214051156,70.53905306571365,900,5.227027115365162,35.295304761278885
2902749,2025-07-24,20.615652214051156,70.53905306571365,950,5.304595050774696,35.27080784475588
2902749,2025-07-24,20.615652214051156,70.53905306571365,1000,4.775178453237294,34.92853507264536
2902749,2025-07-24,20.615652214051156,70.53905306571365,1050,5.846614485998152,35.40215433094189
2902749,2025-07-24,20.615652214051156,70.53905306571365,1100,5.9265100573504235,35.29847889256918
2902749,2025-07-24,20.615652214051156,70.53905306571365,1150,4.805303925167389,34.23335187345411
2902749,2025-07-24,20.615652214051156,70.53905306571365,1200,4.977178388466822,34.09069362202676
2902749,2025-07-24,20.615652214051156,70.53905306571365,1250,4.418643565361869,34.07442425644941
2902749,2025-07-24,20.615652214051156,70.53905306571365,1300,4.102677704674635,35.99185474951006
2902749,2025-07-24,20.615652214051156,70.53905306571365,1350,5.501686771013765,34.232240961450216
2902749,2025-07-24,20.615652214051156,70.53905306571365,1400,5.461964496131539,34.46960006486266
2902749,2025-07-24,20.615652214051156,70.53905306571365,1450,5.408357016270767,35.07509321176505
2902749,2025-07-24,20.615652214051156,70.53905306571365,1500,3.9638717622821256,34.777291662300286
2902749,2025-07-24,20.615652214051156,70.53905306571365,1550,5.014382782587221,34.74202303097377
2902749,2025-07-24,20.615652214051156,70.53905306571365,1600,4.782053941146162,35.89876153682381
2902749,2025-07-24,20.615652214051156,70.53905306571365,1650,4.010251641642532,35.39296798327526
2902749,2025-07-24,20.615652214051156,70.53905306571365,1700,3.124187585750657,35.08038499085794
2902749,2025-07-24,20.615652214051156,70.53905306571365,1750,4.381891850059812,35.174680691097215
2902749,2025-07-24,20.615652214051156,70.53905306571365,1800,3.224818255335282,35.45319830111448
2902749,2025-07-24,20.615652214051156,70.53905306571365,1850,4.026236313374174,35.77082756779916
2902749,2025-07-24,20.615652214051156,70.53905306571365,1900,3.922401324537611,35.309843794986925
2902749,2025-07-24,20.615652214051156,70.53905306571365,1950,3.26841185434374,35.66738616659264
2902750,2025-09-22,6.652792737295575,79.9509166648813,0,21.360819838727668,35.28998466423475
2902750,2025-09-22,6.652792737295575,79.9509166648813,50,22.036447182486445,34.73793160609046
2902750,2025-09-22,6.652792737295575,79.9509166648813,100,17.06891960926038,34.823771461962025
2902750,2025-09-22,6.652792737295575,79.9509166648813,150,14.097607944423281,34.348492402812354
2902750,2025-09-22,6.652792737295575,79.9509166648813,200,8.717188038241392,34.104798035722354
2902750,2025-09-22,6.652792737295575,79.9509166648813,250,2.0,35.4834361139083
2902750,2025-09-22,6.652792737295575,79.9509166648813,300,2.4667477959801447,35.052171053195735
2902750,2025-09-22,6.652792737295575,79.9509166648813,350,2.08893172296429,35.49133055006799
2902750,2025-09-22,6.652792737295575,79.9509166648813,400,2.9556850589040935,34.9524919308465
2902750,2025-09-22,6.652792737295575,79.9509166648813,450,2.0,35.55603407862841
2902750,2025-09-22,6.652792737295575,79.9509166648813,500,2.0,35.026475915218384
2902750,2025-09-22,6.652792737295575,79.9509166648813,550,2.0,34.21810802000769
2902750,2025-09-22,6.652792737295575,79.9509166648813,600,2.0,35.007677379571646
2902750,2025-09-22,6.652792737295575,79.9509166648813,650,2.6960663769273623,35.890831285940216
2902750,2025-09-22,6.652792737295575,79.9509166648813,700,2.0,34.08673007379834
2902750,2025-09-22,6.652792737295575,79.9509166648813,750,2.325537476123956,35.566453991960756
2902750,2025-09-22,6.652792737295575,79.9509166648813,800,2.2834089344664354,35.73396181551968
2902750,2025-09-22,6.652792737295575,79.9509166648813,850,2.19429191903909,35.04290242942617
2902750,2025-09-22,6.652792737295575,79.9509166648813,900,2.0,34.91608504419536
2902750,2025-09-22,6.652792737295575,79.9509166648813,950,2.5735891809092335,35.92805236624406
2902750,2025-09-22,6.652792737295575,79.9509166648813,1000,2.0,34.12165081498901
2902750,2025-09-22,6.652792737295575,79.9509166648813,1050,2.0,34.95796382199673
2902750,2025-09-22,6.652792737295575,79.9509166648813,1100,2.1291559518159264,34.803234509025124
2902750,2025-09-22,6.652792737295575,79.9509166648813,1150,2.0,35.37219499212446
2902750,2025-09-22,6.652792737295575,79.9509166648813,1200,2.530314751777169,34.98053770828845
2902750,2025-09-22,6.652792737295575,79.9509166648813,1250,2.0,35.81940165823046
2902750,2025-09-22,6.652792737295575,79.9509166648813,1300,2.0,34.1469814315329
2902750,2025-09-22,6.652792737295575,79.9509166648813,1350,2.7393908535390894,34.16158095482158
2902750,2025-09-22,6.652792737295575,79.9509166648813,1400,2.0,35.21659484726688
2902750,2025-09-22,6.652792737295575,79.9509166648813,1450,2.0,34.13136446664023
2902750,2025-09-22,6.652792737295575,79.9509166648813,1500,2.8010620712635164,34.55003199911591
2902750,2025-09-22,6.652792737295575,79.9509166648813,1550,2.0,35.26615344860203
2902750,2025-09-22,6.652792737295575,79.9509166648813,1600,2.7168122527603527,35.09671286809672
2902750,2025-09-22,6.652792737295575,79.9509166648813,1650,2.0,34.65037088663733
2902750,2025-09-22,6.652792737295575,79.9509166648813,1700,2.0,35.98925551172185
2902750,2025-09-22,6.652792737295575,79.9509166648813,1750,2.0,35.061113674862646
2902750,2025-09-22,6.652792737295575,79.9509166648813,1800,2.0,34.90743083515094
2902750,2025-09-22,6.652792737295575,79.9509166648813,1850,2.3221152851946334,35.21085358307062
2902750,2025-09-22,6.652792737295575,79.9509166648813,1900,2.0,34.198356923358084
2902750,2025-09-22,6.652792737295575,79.9509166648813,1950,2.0,35.403558837092135
2902750,2025-08-19,6.55494314366837,79.4138175081102,0,23.483503042527428,35.07410000433146
2902750,2025-08-19,6.55494314366837,79.4138175081102,50,22.471869341867222,35.307221371152345
2902750,2025-08-19,6.55494314366837,79.4138175081102,100,17.848042873073354,35.34515516132836
2902750,2025-08-19,6.55494314366837,79.4138175081102,150,11.955797506670567,35.94909320425142
2902750,2025-08-19,6.55494314366837,79.4138175081102,200,7.39754968455293,35.63685371908134
2902750,2025-08-19,6.55494314366837,79.4138175081102,250,2.8488210150271236,35.22714656107093
2902750,2025-08-19,6.55494314366837,79.4138175081102,300,2.673802509735219,35.285398327659664
2902750,2025-08-19,6.55494314366837,79.4138175081102,350,2.0,34.05250766290717
2902750,2025-08-19,6.55494314366837,79.4138175081102,400,2.495351221734145,35.85816858198987
2902750,2025-08-19,6.55494314366837,79.4138175081102,450,2.8720389353328466,35.65892157991932
2902750,2025-08-19,6.55494314366837,79.4138175081102,500,2.1904252560833024,34.53489545030822
2902750,2025-08-19,6.55494314366837,79.4138175081102,550,2.0,34.36083214392171
2902750,2025-08-19,6.55494314366837,79.4138175081102,600,3.087793280680998,35.40539754573121
2902750,2025-08-19,6.55494314366837,79.4138175081102,650,2.0,34.61796937765982
2902750,2025-08-19,6.55494314366837,79.4138175081102,700,2.7053669861619376,34.67964931355451
2902750,2025-08-19,6.55494314366837,79.4138175081102,750,2.0,34.01221157880732
2902750,2025-08-19,6.55494314366837,79.4138175081102,800,2.0,35.739725413072875
2902750,2025-08-19,6.55494314366837,79.4138175081102,850,2.4775919969774316,35.132642189522755
2902750,2025-08-19,6.55494314366837,79.4138175081102,900,2.6235385705547847,34.80156868799903
2902750,2025-08-19,6.55494314366837,79.4138175081102,950,2.1127414712307004,34.28374930830254
2902750,2025-08-19,6.55494314366837,79.4138175081102,1000,2.172930165478954,35.26634402531103
2902750,2025-08-19,6.55494314366837,79.4138175081102,1050,2.1231728279841446,34.06131419676181
2902750,2025-08-19,6.55494314366837,79.4138175081102,1100,2.0,35.492223524011415
2902750,2025-08-19,6.55494314366837,79.4138175081102,1150,2.0,34.43026576006702
2902750,2025-08-19,6.55494314366837,79.4138175081102,1200,2.0,34.839664987529005
2902750,2025-08-19,6.55494314366837,79.4138175081102,1250,2.330681040005831,34.681791963538664
2902750,2025-08-19,6.55494314366837,79.4138175081102,1300,2.5005685005029568,34.74010618495401
2902750,2025-08-19,6.55494314366837,79.4138175081102,1350,2.73618429773813,35.443191935485345
2902750,2025-08-19,6.55494314366837,79.4138175081102,1400,2.442121357492299,35.55367123993348
2902750,2025-08-19,6.55494314366837,79.4138175081102,1450,2.936797250622949,35.135187113228795
2902750,2025-08-19,6.55494314366837,79.4138175081102,1500,2.200820182449354,34.16991407995436
2902750,2025-08-19,6.55494314366837,79.4138175081102,1550,2.0,34.105217652851046
2902750,2025-08-19,6.55494314366837,79.4138175081102,1600,2.15583703677971,34.31481979421431
2902750,2025-08-19,6.55494314366837,79.4138175081102,1650,2.0,35.235676363852065
2902750,2025-08-19,6.55494314366837,79.4138175081102,1700,2.313472605976304,35.34793742122623
2902750,2025-08-19,6.55494314366837,79.4138175081102,1750,2.0,34.544205687092436
2902750,2025-08-19,6.55494314366837,79.4138175081102,1800,2.0,35.32387738561652
2902750,2025-08-19,6.55494314366837,79.4138175081102,1850,2.69074683720269,34.971323409781995
2902750,2025-08-19,6.55494314366837,79.4138175081102,1900,2.0,34.88408837339556
2902750,2025-08-19,6.55494314366837,79.4138175081102,1950,2.5252112638736994,34.54633368872954
2902750,2025-07-22,6.151942222620076,79.37419065617328,0,23.4516789224127,34.60586313339559
2902750,2025-07-22,6.151942222620076,79.37419065617328,50,24.58633516387791,34.9356765269404
2902750,2025-07-22,6.151942222620076,79.37419065617328,100,19.602436379579892,34.90044981631609
2902750,2025-07-22,6.151942222620076,79.37419065617328,150,14.337635806603418,34.15729417496572
2902750,2025-07-22,6.151942222620076,79.37419065617328,200,8.463576945415864,35.741048832390824
2902750,2025-07-22,6.151942222620076,79.37419065617328,250,3.5709362490158876,35.491609652929206
2902750,2025-07-22,6.151942222620076,79.37419065617328,300,4.998790694653077,34.443144117788506
2902750,2025-07-22,6.151942222620076,79.37419065617328,350,3.0394632950470006,35.55823573720653
2902750,2025-07-22,6.151942222620076,79.37419065617328,400,3.238745626718302,34.15275875494604
2902750,2025-07-22,6.151942222620076,79.37419065617328,450,4.620547552464126,35.26644933393637
2902750,2025-07-22,6.151942222620076,79.37419065617328,500,4.164598432628046,35.0612096415453
2902750,2025-07-22,6.151942222620076,79.37419065617328,550,4.058221169533334,34.3878074125338
2902750,2025-07-22,6.151942222620076,79.37419065617328,600,3.0087936404457136,35.55245645864867
2902750,2025-07-22,6.151942222620076,79.37419065617328,650,2.569868065421937,34.702199469914724
2902750,2025-07-22,6.151942222620076,79.37419065617328,700,3.2246700352374917,35.9164466979943
2902750,2025-07-22,6.151942222620076,79.37419065617328,750,2.991209400718044,35.290885952339124
2902750,2025-07-22,6.151942222620076,79.37419065617328,800,2.2882707815292678,34.29537967199488
2902750,2025-07-22,6.151942222620076,79.37419065617328,850,2.995064073745686,34.20560905555553
2902750,2025-07-22,6.151942222620076,79.37419065617328,900,2.290120810164157,34.51193644400346
2902750,2025-07-22,6.151942222620076,79.37419065617328,950,2.8473465133602636,34.34699804488419
2902750,2025-07-22,6.151942222620076,79.37419065617328,1000,2.965995721501322,34.30573957801186
2902750,2025-07-22,6.151942222620076,79.37419065617328,1050,2.2382337207300873,35.51830476009114
2902750,2025-07-22,6.151942222620076,79.37419065617328,1100,2.2240417265054333,34.15070654715815
2902750,2025-07-22,6.151942222620076,79.37419065617328,1150,2.8139820327597285,35.902584281159164
2902750,2025-07-22,6.151942222620076,79.37419065617328,1200,2.102338569035463,35.25589754423673
2902750,2025-07-22,6.151942222620076,79.37419065617328,1250,2.0494078787233883,34.92790613702604
2902750,2025-07-22,6.151942222620076,79.37419065617328,1300,2.0,35.1274709665757
2902750,2025-07-22,6.151942222620076,79.37419065617328,1350,2.0,35.15893617941298
2902750,2025-07-22,6.151942222620076,79.37419065617328,1400,2.0,35.36226695662967
2902750,2025-07-22,6.151942222620076,79.37419065617328,1450,2.0,35.76409631318587
2902750,2025-07-22,6.151942222620076,79.37419065617328,1500,2.280283338095158,35.28598366134313
2902750,2025-07-22,6.151942222620076,79.37419065617328,1550,2.0,35.97306389547172
2902750,2025-07-22,6.151942222620076,79.37419065617328,1600,2.0,34.64641648328672
2902750,2025-07-22,6.151942222620076,79.37419065617328,1650,2.9323993820662526,35.94194612841632
2902750,2025-07-22,6.151942222620076,79.37419065617328,1700,2.0,34.63227778898116
2902750,2025-07-22,6.151942222620076,79.37419065617328,1750,2.895228618653495,34.87952563268373
2902750,2025-07-22,6.151942222620076,79.37419065617328,1800,2.0,34.93784216705275
2902750,2025-07-22,6.151942222620076,79.37419065617328,1850,2.37922008216038,35.262770240050855
2902750,2025-07-22,6.151942222620076,79.37419065617328,1900,2.0,35.59265935830285
2902750,2025-07-22,6.151942222620076,79.37419065617328,1950,2.0,35.18283951366204
2902751,2025-09-19,18.53676437196428,63.466307604447245,0,24.706861106178568,34.784146973878116
2902751,2025-09-19,18.53676437196428,63.466307604447245,50,23.91681348044511,35.22373365500246
2902751,2025-09-19,18.53676437196428,63.466307604447245,100,21.12981990542969,35.15656408641048
2902751,2025-09-19,18.53676437196428,63.466307604447245,150,13.109957383471023,35.81268539432735
2902751,2025-09-19,18.53676437196428,63.466307604447245,200,11.260033514478161,35.74655932412108
2902751,2025-09-19,18.53676437196428,63.466307604447245,250,5.4136201216893856,34.66672407212111
2902751,2025-09-19,18.53676437196428,63.466307604447245,300,4.833050155608351,35.165479029172836
2902751,2025-09-19,18.53676437196428,63.466307604447245,350,4.517169013445114,34.28285676116864
2902751,2025-09-19,18.53676437196428,63.466307604447245,400,4.328456696631749,34.69964157507169
2902751,2025-09-19,18.53676437196428,63.466307604447245,450,4.411666121453813,35.935393015385486
2902751,2025-09-19,18.53676437196428,63.466307604447245,500,4.786668973307922,35.39695992562376
2902751,2025-09-19,18.53676437196428,63.466307604447245,550,4.89478690989081,34.78391596867072
2902751,2025-09-19,18.53676437196428,63.466307604447245,600,3.902500786079017,35.19008245630315
2902751,2025-09-19,18.53676437196428,63.466307604447245,650,4.522665214173147,35.876004399131524
2902751,2025-09-19,18.53676437196428,63.466307604447245,700,4.106708288074424,34.619163774831925
2902751,2025-09-19,18.53676437196428,63.466307604447245,750,3.346086904538061,34.7533586121126
2902751,2025-09-19,18.53676437196428,63.466307604447245,800,3.554291434663343,35.583323915727085
2902751,2025-09-19,18.53676437196428,63.466307604447245,850,2.804755532168482,35.6263695676296
2902751,2025-09-19,18.53676437196428,63.466307604447245,900,2.5267807789794055,35.340232799989444
2902751,2025-09-19,18.53676437196428,63.466307604447245,950,2.5100371333179874,35.65791794578893
2902751,2025-09-19,18.53676437196428,63.466307604447245,1000,4.001287046688751,35.47754934425897
2902751,2025-09-19,18.53676437196428,63.466307604447245,1050,2.7899089304537394,35.37082888055515
2902751,2025-09-19,18.53676437196428,63.466307604447245,1100,3.43166447711213,35.05278667946835
2902751,2025-09-19,18.53676437196428,63.466307604447245,1150,2.912131381779119,35.292049641466974
2902751,2025-09-19,18.53676437196428,63.466307604447245,1200,2.1481512016499344,34.84681273264421
2902751,2025-09-19,18.53676437196428,63.466307604447245,1250,2.1985208259737727,34.72365619269357
2902751,2025-09-19,18.53676437196428,63.466307604447245,1300,2.47854992739567,34.72519533796409
2902751,2025-09-19,18.53676437196428,63.466307604447245,1350,2.381876962302453,34.36052584575369
2902751,2025-09-19,18.53676437196428,63.466307604447245,1400,2.4485294493082956,34.4283853224178
2902751,2025-09-19,18.53676437196428,63.466307604447245,1450,2.0,35.895336535068694
2902751,2025-09-19,18.53676437196428,63.466307604447245,1500,2.0,34.97254184174545
2902751,2025-09-19,18.53676437196428,63.466307604447245,1550,2.0,34.453086093067775
2902751,2025-09-19,18.53676437196428,63.466307604447245,1600,2.0,34.27513070635416
2902751,2025-09-19,18.53676437196428,63.466307604447245,1650,2.0,34.15433016860175
2902751,2025-09-19,18.53676437196428,63.466307604447245,1700,2.195771724765979,35.68885677737177
2902751,2025-09-19,18.53676437196428,63.466307604447245,1750,2.5784538631273293,34.202281527335785
2902751,2025-09-19,18.53676437196428,63.466307604447245,1800,2.2946107139386136,35.5417494407262
2902751,2025-09-19,18.53676437196428,63.466307604447245,1850,2.0,35.670239653269114
2902751,2025-09-19,18.53676437196428,63.466307604447245,1900,2.0,35.767364330985124
2902751,2025-09-19,18.53676437196428,63.466307604447245,1950,2.356758689680162,34.07549498471512
2902751,2025-08-25,19.036687720605336,63.19982922223761,0,25.52001567081822,34.94931922037382
2902751,2025-08-25,19.036687720605336,63.19982922223761,50,24.634028311317206,35.01335273792854
2902751,2025-08-25,19.036687720605336,63.19982922223761,100,19.04890665734975,35.331046718638184
2902751,2025-08-25,19.036687720605336,63.19982922223761,150,16.09690535211987,34.183427139318184
2902751,2025-08-25,19.036687720605336,63.19982922223761,200,10.824484708490614,35.821009907454815
2902751,2025-08-25,19.036687720605336,63.19982922223761,250,6.030834754103839,35.633406511711
2902751,2025-08-25,19.036687720605336,63.19982922223761,300,5.567888784285817,35.769259547436015
2902751,2025-08-25,19.036687720605336,63.19982922223761,350,4.112907644583991,35.86094385425255
2902751,2025-08-25,19.036687720605336,63.19982922223761,400,4.654121616936501,34.82979381163801
2902751,2025-08-25,19.036687720605336,63.19982922223761,450,5.264694136256263,34.792907930940494
2902751,2025-08-25,19.036687720605336,63.19982922223761,500,5.664699995492214,34.74792297535804
2902751,2025-08-25,19.036687720605336,63.19982922223761,550,4.846713632926594,34.77233223608919
2902751,2025-08-25,19.036687720605336,63.19982922223761,600,5.030305118897935,34.163210874422084
2902751,2025-08-25,19.036687720605336,63.19982922223761,650,4.993123507544648,34.449077517214235
2902751,2025-08-25,19.036687720605336,63.19982922223761,700,3.7935286773458117,34.63736975089946
2902751,2025-08-25,19.036687720605336,63.19982922223761,750,3.7038597831660023,34.198166248786094
2902751,2025-08-25,19.036687720605336,63.19982922223761,800,5.0567160630630354,35.429408545046456
2902751,2025-08-25,19.036687720605336,63.19982922223761,850,4.594263267861373,34.67058071183235
2902751,2025-08-25,19.036687720605336,63.19982922223761,900,4.733471464949879,34.29209861364364
2902751,2025-08-25,19.036687720605336,63.19982922223761,950,3.2135551411201027,34.07660638223409
2902751,2025-08-25,19.036687720605336,63.19982922223761,1000,4.082136438805148,35.8347923432255
2902751,2025-08-25,19.036687720605336,63.19982922223761,1050,3.7663615754027457,34.944909866095664
2902751,2025-08-25,19.036687720605336,63.19982922223761,1100,3.4067175956930043,35.66222097186435
2902751,2025-08-25,19.036687720605336,63.19982922223761,1150,3.9643998926261146,35.51768230953122
2902751,2025-08-25,19.036687720605336,63.19982922223761,1200,3.8817708631748147,34.938220254310984
2902751,2025-08-25,19.036687720605336,63.19982922223761,1250,3.2313361716501205,35.2306965143271
2902751,2025-08-25,19.036687720605336,63.19982922223761,1300,2.9628444421344544,35.81171497820654
2902751,2025-08-25,19.036687720605336,63.19982922223761,1350,2.349639135166705,34.03800776982194
2902751,2025-08-25,19.036687720605336,63.19982922223761,1400,2.3249182515643247,34.43130948893671
2902751,2025-08-25,19.036687720605336,63.19982922223761,1450,3.0348496838284635,34.299039237928454
2902751,2025-08-25,19.036687720605336,63.19982922223761,1500,3.471526628793657,35.88045189868264
2902751,2025-08-25,19.036687720605336,63.19982922223761,1550,2.0,35.21776019823211
2902751,2025-08-25,19.036687720605336,63.19982922223761,1600,2.4867040995986125,34.84650951789598
2902751,2025-08-25,19.036687720605336,63.19982922223761,1650,2.167947001883828,35.552345265270795
2902751,2025-08-25,19.036687720605336,63.19982922223761,1700,3.1941098966699624,34.47528045328187
2902751,2025-08-25,19.036687720605336,63.19982922223761,1750,2.6483247429129646,34.243696690317236
2902751,2025-08-25,19.036687720605336,63.19982922223761,1800,2.157341563779933,34.476879006919646
2902751,2025-08-25,19.036687720605336,63.19982922223761,1850,2.0,35.27790346434562
2902751,2025-08-25,19.036687720605336,63.19982922223761,1900,2.0,35.24562113668194
2902751,2025-08-25,19.036687720605336,63.19982922223761,1950,2.0,34.12561430202213
2902751,2025-07-20,18.551546983771992,62.74235516285013,0,25.840299799681276,34.95767957744735
2902751,2025-07-20,18.551546983771992,62.74235516285013,50,26.8381805556883,34.79344257117503
2902751,2025-07-20,18.551546983771992,62.74235516285013,100,20.775181632953462,34.54380627565912
2902751,2025-07-20,18.551546983771992,62.74235516285013,150,15.381736456254528,34.398939667430376
2902751,2025-07-20,18.551546983771992,62.74235516285013,200,11.524384667682822,34.08381188386076
2902751,2025-07-20,18.551546983771992,62.74235516285013,250,6.937048260821389,35.86674195990079
2902751,2025-07-20,18.551546983771992,62.74235516285013,300,6.088557572882574,35.030767178508995
2902751,2025-07-20,18.551546983771992,62.74235516285013,350,6.340564285686567,35.97824540459224
2902751,2025-07-20,18.551546983771992,62.74235516285013,400,6.736171698753505,35.08606139530837
2902751,2025-07-20,18.551546983771992,62.74235516285013,450,5.478657005244011,34.50662753040523
2902751,2025-07-20,18.551546983771992,62.74235516285013,500,7.156738077173931,35.50658183763773
2902751,2025-07-20,18.551546983771992,62.74235516285013,550,5.242787741087179,34.38220686146782
2902751,2025-07-20,18.551546983771992,62.74235516285013,600,6.059547985913829,34.71394835207073
2902751,2025-07-20,18.551546983771992,62.74235516285013,650,5.922084488429061,35.56168313395685
2902751,2025-07-20,18.551546983771992,62.74235516285013,700,6.7840920664624225,35.73159655415611
2902751,2025-07-20,18.551546983771992,62.74235516285013,750,5.815733000105879,34.66384937276269
2902751,2025-07-20,18.551546983771992,62.74235516285013,800,5.388336560389615,34.24895001648877
2902751,2025-07-20,18.551546983771992,62.74235516285013,850,5.447699251586459,34.73603834862934
2902751,2025-07-20,18.551546983771992,62.74235516285013,900,5.678770678206747,35.77897303402456
2902751,2025-07-20,18.551546983771992,62.74235516285013,950,6.269507940372608,35.486615411039246
2902751,2025-07-20,18.551546983771992,62.74235516285013,1000,4.714729617407913,35.789274989910105
2902751,2025-07-20,18.551546983771992,62.74235516285013,1050,4.139913557487382,34.77328953652138
2902751,2025-07-20,18.551546983771992,62.74235516285013,1100,5.584469127828518,35.94744716863062
2902751,2025-07-20,18.551546983771992,62.74235516285013,1150,4.59703408159627,34.99240645307405
2902751,2025-07-20,18.551546983771992,62.74235516285013,1200,5.2733111381707705,34.99504678498725
2902751,2025-07-20,18.551546983771992,62.74235516285013,1250,4.963943020220801,35.848620933253926
2902751,2025-07-20,18.551546983771992,62.74235516285013,1300,5.150431843489205,35.038551707069885
2902751,2025-07-20,18.551546983771992,62.74235516285013,1350,4.977803064894109,35.60229617480355
2902751,2025-07-20,18.551546983771992,62.74235516285013,1400,4.072466312013457,35.45416264868527
2902751,2025-07-20,18.551546983771992,62.74235516285013,1450,3.3961004718599037,34.15785401211094
2902751,2025-07-20,18.551546983771992,62.74235516285013,1500,4.2994565856848705,35.204906597660454
2902751,2025-07-20,18.551546983771992,62.74235516285013,1550,4.734446826381664,35.644682559079776
2902751,2025-07-20,18.551546983771992,62.74235516285013,1600,3.3576073493729037,35.090948794689275
2902751,2025-07-20,18.551546983771992,62.74235516285013,1650,4.465714282226051,34.642422856429185
2902751,2025-07-20,18.551546983771992,62.74235516285013,1700,3.7366748947635626,34.16013782214999
2902751,2025-07-20,18.551546983771992,62.74235516285013,1750,4.098207599261615,35.321838442916274
2902751,2025-07-20,18.551546983771992,62.74235516285013,1800,3.8709007907861626,34.612991712181504
2902751,2025-07-20,18.551546983771992,62.74235516285013,1850,4.1304244589647,35.2052432554612
2902751,2025-07-20,18.551546983771992,62.74235516285013,1900,2.5336301693339367,34.85223214576609
2902751,2025-07-20,18.551546983771992,62.74235516285013,1950,3.8598098946763306,35.37952961689097
2902752,2025-09-21,9.974165019765307,77.56583319962105,0,23.353431701521668,35.498628843510154
2902752,2025-09-21,9.974165019765307,77.56583319962105,50,22.993609745310412,34.70017834099112
2902752,2025-09-21,9.974165019765307,77.56583319962105,100,18.681605979094062,34.635728417730526
2902752,2025-09-21,9.974165019765307,77.56583319962105,150,14.289640052443211,34.148104078353086
2902752,2025-09-21,9.974165019765307,77.56583319962105,200,6.353160994390219,34.34531272796808
2902752,2025-09-21,9.974165019765307,77.56583319962105,250,3.366096514911475,35.42673978872763
2902752,2025-09-21,9.974165019765307,77.56583319962105,300,2.736149200139444,35.99452480804608
2902752,2025-09-21,9.974165019765307,77.56583319962105,350,2.8499007760532438,35.62102643671526
2902752,2025-09-21,9.974165019765307,77.56583319962105,400,3.223524705647919,35.93512247272612
2902752,2025-09-21,9.974165019765307,77.56583319962105,450,2.0,35.97314931928497
2902752,2025-09-21,9.974165019765307,77.56583319962105,500,2.0,35.33567958097794
2902752,2025-09-21,9.974165019765307,77.56583319962105,550,3.1210673570652085,35.419080973639176
2902752,2025-09-21,9.974165019765307,77.56583319962105,600,2.679906481115037,35.09999429497378
2902752,2025-09-21,9.974165019765307,77.56583319962105,650,2.1000743870042946,34.58072456555563
2902752,2025-09-21,9.974165019765307,77.56583319962105,700,2.0,34.59991335647348
2902752,2025-09-21,9.974165019765307,77.56583319962105,750,2.0,34.31501049864008
2902752,2025-09-21,9.974165019765307,77.56583319962105,800,2.290325751398928,35.41912758242077
2902752,2025-09-21,9.974165019765307,77.56583319962105,850,2.0,35.40043851193339
2902752,2025-09-21,9.974165019765307,77.56583319962105,900,2.8989342237598397,34.3481820194974
2902752,2025-09-21,9.974165019765307,77.56583319962105,950,2.0,34.72298436624938
2902752,2025-09-21,9.974165019765307,77.56583319962105,1000,2.0,34.44848323049192
2902752,2025-09-21,9.974165019765307,77.56583319962105,1050,2.0,35.970265093460384
2902752,2025-09-21,9.974165019765307,77.56583319962105,1100,2.0,35.58413134722228
2902752,2025-09-21,9.974165019765307,77.56583319962105,1150,2.0,34.47347236857374
2902752,2025-09-21,9.974165019765307,77.56583319962105,1200,2.0,34.98804387489385
2902752,2025-09-21,9.974165019765307,77.56583319962105,1250,2.0,34.72179304888876
2902752,2025-09-21,9.974165019765307,77.56583319962105,1300,2.0,35.144554814233054
2902752,2025-09-21,9.974165019765307,77.56583319962105,1350,2.0,34.93481167858335
2902752,2025-09-21,9.974165019765307,77.56583319962105,1400,2.0,35.96602391528557
2902752,2025-09-21,9.974165019765307,77.56583319962105,1450,2.921040104529986,34.25954245942754
2902752,2025-09-21,9.974165019765307,77.56583319962105,1500,2.0,35.76849289366924
2902752,2025-09-21,9.974165019765307,77.56583319962105,1550,2.0,34.131496210534735
2902752,2025-09-21,9.974165019765307,77.56583319962105,1600,2.0354905484167842,34.79631996154182
2902752,2025-09-21,9.974165019765307,77.56583319962105,1650,2.827085011626373,35.4338671970199
2902752,2025-09-21,9.974165019765307,77.56583319962105,1700,2.0,34.95733021983051
2902752,2025-09-21,9.974165019765307,77.56583319962105,1750,2.5499289670629763,34.821590241330334
2902752,2025-09-21,9.974165019765307,77.56583319962105,1800,2.4080756224136515,34.81886705492943
2902752,2025-09-21,9.974165019765307,77.56583319962105,1850,2.0,35.14980101695285
2902752,2025-09-21,9.974165019765307,77.56583319962105,1900,2.2237543655272853,34.25065356451839
2902752,2025-09-21,9.974165019765307,77.56583319962105,1950,2.3879612820815876,34.634055340920966
2902752,2025-08-19,10.414724839231486,77.59875970839765,0,23.550852770617624,34.91658678366325
2902752,2025-08-19,10.414724839231486,77.59875970839765,50,24.617743512513048,35.13899119220887
2902752,2025-08-19,10.414724839231486,77.59875970839765,100,19.982874924565458,34.99803806013612
2902752,2025-08-19,10.414724839231486,77.59875970839765,150,14.420998926678877,35.25432802059617
2902752,2025-08-19,10.414724839231486,77.59875970839765,200,7.5896757554207745,34.57934331360321
2902752,2025-08-19,10.414724839231486,77.59875970839765,250,4.694352437080439,35.91330033990881
2902752,2025-08-19,10.414724839231486,77.59875970839765,300,3.527059782176175,34.96588963635084
2902752,2025-08-19,10.414724839231486,77.59875970839765,350,4.383247751106,35.609376308431465
2902752,2025-08-19,10.414724839231486,77.59875970839765,400,2.57264890924778,35.369981682391355
2902752,2025-08-19,10.414724839231486,77.59875970839765,450,2.6101454504902497,34.594867742859485
2902752,2025-08-19,10.414724839231486,77.59875970839765,500,2.5678541428326267,34.14594605101069
2902752,2025-08-19,10.414724839231486,77.59875970839765,550,2.4911373689924736,34.11982606586934
2902752,2025-08-19,10.414724839231486,77.59875970839765,600,2.707144711521337,34.87921099984082
2902752,2025-08-19,10.414724839231486,77.59875970839765,650,3.3804874742707174,34.96850226021472
2902752,2025-08-19,10.414724839231486,77.59875970839765,700,2.5538693738959717,34.4080460271268
2902752,2025-08-19,10.414724839231486,77.59875970839765,750,3.643631319075295,35.21332052564127
2902752,2025-08-19,10.414724839231486,77.59875970839765,800,3.4516750428544745,34.625164998493865
2902752,2025-08-19,10.414724839231486,77.59875970839765,850,3.253690621523957,35.436725770224875
2902752,2025-08-19,10.414724839231486,77.59875970839765,900,2.0,35.46839950960909
2902752,2025-08-19,10.414724839231486,77.59875970839765,950,2.6319373919877176,35.721554731508654
2902752,2025-08-19,10.414724839231486,77.59875970839765,1000,2.363506040178505,35.95074825582976
2902752,2025-08-19,10.414724839231486,77.59875970839765,1050,2.0,34.26153230310477
2902752,2025-08-19,10.414724839231486,77.59875970839765,1100,2.0,34.741080396100585
2902752,2025-08-19,10.414724839231486,77.59875970839765,1150,2.066956059536761,35.12330243149674
2902752,2025-08-19,10.414724839231486,77.59875970839765,1200,2.0051462894825254,34.638231772806314
2902752,2025-08-19,10.414724839231486,77.59875970839765,1250,2.0,34.93294513408127
2902752,2025-08-19,10.414724839231486,77.59875970839765,1300,2.883213975737192,34.534943348908364
2902752,2025-08-19,10.414724839231486,77.59875970839765,1350,2.0,34.49583776505109
2902752,2025-08-19,10.414724839231486,77.59875970839765,1400,2.3174657467675086,34.19362330512114
2902752,2025-08-19,10.414724839231486,77.59875970839765,1450,2.441265536874546,34.580424009939804
2902752,2025-08-19,10.414724839231486,77.59875970839765,1500,2.210277815723711,34.76829966700321
2902752,2025-08-19,10.414724839231486,77.59875970839765,1550,2.685060008226778,35.23075488832794
2902752,2025-08-19,10.414724839231486,77.59875970839765,1600,2.1272360688625915,34.49654056076238
2902752,2025-08-19,10.414724839231486,77.59875970839765,1650,2.650472534653264,35.730615003441436
2902752,2025-08-19,10.414724839231486,77.59875970839765,1700,2.0,34.319399324260324
2902752,2025-08-19,10.414724839231486,77.59875970839765,1750,2.0,34.65487164160239
2902752,2025-08-19,10.414724839231486,77.59875970839765,1800,2.2829074676487204,35.15537407578719
2902752,2025-08-19,10.414724839231486,77.59875970839765,1850,2.153542462954758,34.62542984172455
2902752,2025-08-19,10.414724839231486,77.59875970839765,1900,2.3022599549711997,35.526242750277255
2902752,2025-08-19,10.414724839231486,77.59875970839765,1950,2.533918001832622,34.996531084119816
2902752,2025-07-24,10.600520911141452,77.29078432782693,0,24.94832941003216,35.2135918463248
2902752,2025-07-24,10.600520911141452,77.29078432782693,50,24.133687054024712,35.303965855194214
2902752,2025-07-24,10.600520911141452,77.29078432782693,100,19.52655760039033,35.01933271033308
2902752,2025-07-24,10.600520911141452,77.29078432782693,150,14.782511432696065,34.29788132915289
2902752,2025-07-24,10.600520911141452,77.29078432782693,200,8.916503426613822,35.786263384156015
2902752,2025-07-24,10.600520911141452,77.29078432782693,250,5.020277087908496,34.27956197154471
2902752,2025-07-24,10.600520911141452,77.29078432782693,300,3.8509051297964536,35.86273747105998
2902752,2025-07-24,10.600520911141452,77.29078432782693,350,4.216301540684199,34.63706006351861
2902752,2025-07-24,10.600520911141452,77.29078432782693,400,4.7486264059575145,34.78590917573297
2902752,2025-07-24,10.600520911141452,77.29078432782693,450,5.139288157763067,35.23300097494303
2902752,2025-07-24,10.600520911141452,77.29078432782693,500,4.698630071468041,35.68520385472826
2902752,2025-07-24,10.600520911141452,77.29078432782693,550,3.825085626819177,35.18744931126197
2902752,2025-07-24,10.600520911141452,77.29078432782693,600,3.1699436758316244,35.014629972402595
2902752,2025-07-24,10.600520911141452,77.29078432782693,650,3.2685830326795564,35.01942820150167
2902752,2025-07-24,10.600520911141452,77.29078432782693,700,3.2214587519217712,34.97969330413252
2902752,2025-07-24,10.600520911141452,77.29078432782693,750,3.3825346635189684,35.125848521289086
2902752,2025-07-24,10.600520911141452,77.29078432782693,800,3.485144143487944,34.949785199996064
2902752,2025-07-24,10.600520911141452,77.29078432782693,850,3.4600970081658593,34.03327391100463
2902752,2025-07-24,10.600520911141452,77.29078432782693,900,2.644073652959671,34.66247918715784
2902752,2025-07-24,10.600520911141452,77.29078432782693,950,2.5559042387031585,34.219209178982645
2902752,2025-07-24,10.600520911141452,77.29078432782693,1000,3.4772225942690294,34.833080538864465
2902752,2025-07-24,10.600520911141452,77.29078432782693,1050,2.978636415825711,34.61535566742353
2902752,2025-07-24,10.600520911141452,77.29078432782693,1100,2.7307922580153337,35.797534208377066
2902752,2025-07-24,10.600520911141452,77.29078432782693,1150,2.826286513896699,35.74419822824066
2902752,2025-07-24,10.600520911141452,77.29078432782693,1200,2.8542976252179786,35.25852096120487
2902752,2025-07-24,10.600520911141452,77.29078432782693,1250,2.953303042971981,35.19381923190639
2902752,2025-07-24,10.600520911141452,77.29078432782693,1300,3.4042114998543687,34.53106087397144
2902752,2025-07-24,10.600520911141452,77.29078432782693,1350,2.900072021220189,35.31118194435394
2902752,2025-07-24,10.600520911141452,77.29078432782693,1400,2.7756751462918996,35.94411372804883
2902752,2025-07-24,10.600520911141452,77.29078432782693,1450,2.0,35.15694866445116
2902752,2025-07-24,10.600520911141452,77.29078432782693,1500,2.0,34.45508645059765
2902752,2025-07-24,10.600520911141452,77.29078432782693,1550,2.0,34.102710330240775
2902752,2025-07-24,10.600520911141452,77.29078432782693,1600,3.127164192810021,34.96089756742883
2902752,2025-07-24,10.600520911141452,77.29078432782693,1650,2.1692525404813994,35.04846466524937
2902752,2025-07-24,10.600520911141452,77.29078432782693,1700,2.0,35.44236567049825
2902752,2025-07-24,10.600520911141452,77.29078432782693,1750,2.0,35.54921225966762
2902752,2025-07-24,10.600520911141452,77.29078432782693,1800,2.20492590232376,34.760380672630305
2902752,2025-07-24,10.600520911141452,77.29078432782693,1850,2.0,35.643322582255706
2902752,2025-07-24,10.600520911141452,77.29078432782693,1900,2.0,34.48439312028245
2902752,2025-07-24,10.600520911141452,77.29078432782693,1950,2.0,35.14514054280825
